Subject,Sex,Gender,Age,type,"typeCode  (0=NS, 1=S, 2=SM)",amount spent,reaction time (seconds),,`
12,Male ,Male,21,S,1,0.04,8.892,,
12,Male ,Male ,21,NS,0,0.00,5.89,,
12,Male ,Male ,21,NS,0,0.02,3.41,,
12,Male ,Male ,21,NS,0,0.00,3.538,,
12,Male ,Male ,21,NS,0,0.03,4.897,,
12,Male ,Male ,21,SM,2,0.01,6.702,,
12,Male ,Male ,21,NS,0,0.02,5.349,,
12,Male ,Male ,21,S,1,0.02,5.292,,
12,Male ,Male ,21,SM,2,0.00,2.736,,
12,Male ,Male ,21,NS,0,0.01,5.206,,
12,Male ,Male ,21,S,1,0.02,2.387,,
12,Male ,Male ,21,NS,0,0.00,4.696,,
12,Male ,Male ,21,S,1,0.01,5.027,,
12,Male ,Male ,21,SM,2,0.00,6.3,,
12,Male ,Male ,21,SM,2,0.00,5.065,,
12,Male ,Male ,21,SM,2,0.00,2.678,,
12,Male ,Male ,21,NS,0,0.00,3.969,,
12,Male ,Male ,21,NS,0,0.03,2.435,,
12,Male ,Male ,21,NS,0,0.02,2.409,,
12,Male ,Male ,21,SM,2,0.00,4.497,,
12,Male ,Male ,21,S,1,0.00,4.667,,
12,Male ,Male ,21,NS,0,0.01,3.221,,
12,Male ,Male ,21,NS,0,0.01,3.117,,
12,Male ,Male ,21,S,1,0.02,4.237,,
12,Male ,Male ,21,SM,2,0.00,3.31,,
12,Male ,Male ,21,SM,2,0.00,2.325,,
12,Male ,Male ,21,SM,2,0.00,1.907,,
12,Male ,Male ,21,NS,0,0.01,2.922,,
12,Male ,Male ,21,NS,0,0.00,2.248,,
12,Male ,Male ,21,SM,2,0.00,3.002,,
12,Male ,Male ,21,NS,0,0.00,2.815,,
12,Male ,Male ,21,S,1,0.01,14.88,,
12,Male ,Male ,21,NS,0,0.00,2.677,,
12,Male ,Male ,21,NS,0,0.00,3.239,,
12,Male ,Male ,21,NS,0,0.00,5.442,,
12,Male ,Male ,21,SM,2,0.00,2.712,,
12,Male ,Male ,21,NS,0,0.01,4.195,,
12,Male ,Male ,21,NS,0,0.02,4.126,,
12,Male ,Male ,21,SM,2,0.00,1.852,,
12,Male ,Male ,21,S,1,0.00,3.023,,
12,Male ,Male ,21,SM,2,0.00,2.139,,
12,Male ,Male ,21,SM,2,0.01,4.141,,
12,Male ,Male ,21,S,1,0.00,2.758,,
12,Male ,Male ,21,S,1,0.00,12.291,,
12,Male ,Male ,21,S,1,0.00,2.938,,
12,Male ,Male ,21,NS,0,0.01,2.675,,
12,Male ,Male ,21,NS,0,0.01,3.435,,
12,Male ,Male ,21,S,1,0.05,4.279,,
12,Male ,Male ,21,NS,0,0.01,4.011,,
12,Male ,Male ,21,SM,2,0.05,4.684,,
12,Male ,Male ,21,S,1,0.00,8.939,,
12,Male ,Male ,21,NS,0,0.00,3.947,,
12,Male ,Male ,21,NS,0,0.02,1.559,,
12,Male ,Male ,21,NS,0,0.00,3.345,,
12,Male ,Male ,21,SM,2,0.00,2.877,,
12,Male ,Male ,21,NS,0,0.00,1.913,,
12,Male ,Male ,21,S,1,0.02,3.14,,
12,Male ,Male ,21,S,1,0.00,2.224,,
12,Male ,Male ,21,SM,2,0.01,46.869,,
12,Male ,Male ,21,NS,0,0.02,2.626,,
12,Male ,Male ,21,NS,0,0.01,5.338,,
12,Male ,Male ,21,NS,0,0.01,2.899,,
12,Male ,Male ,21,NS,0,0.01,3.57,,
12,Male ,Male ,21,SM,2,0.00,2.826,,
12,Male ,Male ,21,NS,0,0.00,3.169,,
12,Male ,Male ,21,NS,0,0.01,1.941,,
12,Male ,Male ,21,S,1,0.01,2.925,,
12,Male ,Male ,21,S,1,0.01,4.015,,
12,Male ,Male ,21,NS,0,0.00,3.839,,
12,Male ,Male ,21,SM,2,0.00,1.621,,
12,Male ,Male ,21,NS,0,0.00,4.414,,
12,Male ,Male ,21,NS,0,0.01,2.172,,
12,Male ,Male ,21,SM,2,0.00,2.029,,
12,Male ,Male ,21,SM,2,0.01,2.871,,
12,Male ,Male ,21,NS,0,0.01,1.93,,
12,Male ,Male ,21,S,1,0.01,2.196,,
12,Male ,Male ,21,NS,0,0.01,2.169,,
12,Male ,Male ,21,S,1,0.02,11.141,,
12,Male ,Male ,21,NS,0,0.00,1.992,,
12,Male ,Male ,21,S,1,0.02,1.838,,
12,Male ,Male ,21,SM,2,0.00,3.616,,
12,Male ,Male ,21,NS,0,0.00,1.581,,
12,Male ,Male ,21,SM,2,0.00,2.032,,
12,Male ,Male ,21,S,1,0.01,2.074,,
12,Male ,Male ,21,SM,2,0.01,10.924,,
12,Male ,Male ,21,NS,0,0.00,9.713,,
12,Male ,Male ,21,S,1,0.01,4.045,,
12,Male ,Male ,21,S,1,0.04,3.01,,
12,Male ,Male ,21,NS,0,0.03,2.945,,
12,Male ,Male ,21,NS,0,0.00,2.021,,
12,Male ,Male ,21,NS,0,0.02,2.067,,
12,Male ,Male ,21,SM,2,0.00,2.597,,
12,Male ,Male ,21,NS,0,0.00,3.413,,
12,Male ,Male ,21,NS,0,0.00,28.869,,
12,Male ,Male ,21,S,1,0.03,4.033,,
12,Male ,Male ,21,NS,0,0.03,4.148,,
12,Male ,Male ,21,S,1,0.00,2.147,,
12,Male ,Male ,21,NS,0,0.00,3.319,,
12,Male ,Male ,21,S,1,0.01,2.274,,
12,Male ,Male ,21,NS,0,0.03,10.878,,
12,Male ,Male ,21,SM,2,0.03,3.205,,
12,Male ,Male ,21,S,1,0.00,2.254,,
12,Male ,Male ,21,NS,0,0.01,6.527,,
12,Male ,Male ,21,S,1,0.04,5.186,,
12,Male ,Male ,21,S,1,0.00,3.732,,
12,Male ,Male ,21,S,1,0.00,2.616,,
12,Male ,Male ,21,SM,2,0.00,1.563,,
12,Male ,Male ,21,NS,0,0.02,1.572,,
12,Male ,Male ,21,S,1,0.00,4.485,,
12,Male ,Male,21,S,1,0.00,1.84,,
11,Female,Female,20,NS,0,0.01,12.481,,
11,Female,Female,20,S,1,0.05,5.253,,
11,Female,Female,20,NS,0,0.02,3.837,,
11,Female,Female,20,NS,0,0.03,5.765,,
11,Female,Female,20,SM,2,0.00,2.927,,
11,Female,Female,20,S,1,0.05,3.417,,
11,Female,Female,20,NS,0,0.01,4.112,,
11,Female,Female,20,S,1,0.00,3.391,,
11,Female,Female,20,NS,0,0.01,4.663,,
11,Female,Female,20,NS,0,0.05,4.101,,
11,Female,Female,20,NS,0,0.05,2.378,,
11,Female,Female,20,SM,2,0.00,3.363,,
11,Female,Female,20,NS,0,0.00,2.415,,
11,Female,Female,20,NS,0,0.01,3.772,,
11,Female,Female,20,SM,2,0.00,5.134,,
11,Female,Female,20,S,1,0.05,2.841,,
11,Female,Female,20,NS,0,0.03,3.042,,
11,Female,Female,20,NS,0,0.04,3.042,,
11,Female,Female,20,S,1,0.05,3.007,,
11,Female,Female,20,S,1,0.05,2.401,,
11,Female,Female,20,NS,0,0.05,2.368,,
11,Female,Female,20,SM,2,0.01,5.012,,
11,Female,Female,20,NS,0,0.05,2.759,,
11,Female,Female,20,S,1,0.05,1.907,,
11,Female,Female,20,NS,0,0.05,1.973,,
11,Female,Female,20,NS,0,0.05,1.79,,
11,Female,Female,20,NS,0,0.00,4.135,,
11,Female,Female,20,SM,2,0.00,2.291,,
11,Female,Female,20,NS,0,0.00,3.084,,
11,Female,Female,20,NS,0,0.01,3.023,,
11,Female,Female,20,SM,2,0.00,3.64,,
11,Female,Female,20,NS,0,0.05,2.425,,
11,Female,Female,20,NS,0,0.02,3.094,,
11,Female,Female,20,S,1,0.01,2.676,,
11,Female,Female,20,S,1,0.05,2.747,,
11,Female,Female,20,NS,0,0.01,3.502,,
11,Female,Female,20,SM,2,0.01,2.589,,
11,Female,Female,20,NS,0,0.01,3.757,,
11,Female,Female,20,NS,0,0.05,2.532,,
11,Female,Female,20,NS,0,0.05,1.954,,
11,Female,Female,20,S,1,0.05,1.976,,
11,Female,Female,20,NS,0,0.05,2.004,,
11,Female,Female,20,NS,0,0.01,5.23,,
11,Female,Female,20,SM,2,0.01,3.182,,
11,Female,Female,20,NS,0,0.03,3.217,,
11,Female,Female,20,NS,0,0.03,2.121,,
11,Female,Female,20,S,1,0.05,2.397,,
11,Female,Female,20,SM,2,0.00,3.214,,
11,Female,Female,20,NS,0,0.05,2.695,,
11,Female,Female,20,SM,2,0.01,3.184,,
11,Female,Female,20,NS,0,0.05,5.906,,
11,Female,Female,20,S,1,0.05,2.179,,
11,Female,Female,20,S,1,0.05,2.318,,
11,Female,Female,20,NS,0,0.05,2.142,,
11,Female,Female,20,SM,2,0.00,2.262,,
11,Female,Female,20,SM,2,0.02,3.619,,
11,Female,Female,20,NS,0,0.03,4.1,,
11,Female,Female,20,NS,0,0.01,3.508,,
11,Female,Female,20,SM,2,0.00,1.987,,
11,Female,Female,20,NS,0,0.05,2.394,,
11,Female,Female,20,SM,2,0.00,2.679,,
11,Female,Female,20,S,1,0.05,2.325,,
11,Female,Female,20,S,1,0.05,1.882,,
11,Female,Female,20,SM,2,0.03,2.941,,
11,Female,Female,20,SM,2,0.02,2.473,,
11,Female,Female,20,S,1,0.05,2.629,,
11,Female,Female,20,SM,2,0.02,2.972,,
11,Female,Female,20,SM,2,0.02,2.174,,
11,Female,Female,20,S,1,0.05,4.441,,
11,Female,Female,20,S,1,0.05,1.815,,
11,Female,Female,20,NS,0,0.05,1.964,,
11,Female,Female,20,SM,2,0.00,3.477,,
11,Female,Female,20,S,1,0.02,5.244,,
11,Female,Female,20,NS,0,0.05,2.289,,
11,Female,Female,20,S,1,0.05,2.833,,
11,Female,Female,20,NS,0,0.03,5.786,,
11,Female,Female,20,NS,0,0.00,3.83,,
11,Female,Female,20,SM,2,0.00,2.279,,
11,Female,Female,20,NS,0,0.05,4.524,,
11,Female,Female,20,S,1,0.05,1.929,,
11,Female,Female,20,S,1,0.05,1.985,,
11,Female,Female,20,NS,0,0.02,2.767,,
11,Female,Female,20,NS,0,0.05,2.009,,
11,Female,Female,20,NS,0,0.05,2.332,,
11,Female,Female,20,NS,0,0.05,1.753,,
11,Female,Female,20,S,1,0.05,3.736,,
11,Female,Female,20,S,1,0.05,1.676,,
11,Female,Female,20,S,1,0.05,2.581,,
11,Female,Female,20,SM,2,0.03,2.523,,
11,Female,Female,20,NS,0,0.05,2.688,,
11,Female,Female,20,S,1,0.02,3.157,,
11,Female,Female,20,S,1,0.05,1.9,,
11,Female,Female,20,SM,2,0.02,1.956,,
11,Female,Female,20,NS,0,0.05,2.783,,
11,Female,Female,20,S,1,0.05,1.222,,
11,Female,Female,20,NS,0,0.05,1.15,,
11,Female,Female,20,SM,2,0.05,3.426,,
11,Female,Female,20,NS,0,0.03,1.947,,
11,Female,Female,20,S,1,0.05,2.189,,
11,Female,Female,20,SM,2,0.02,2.387,,
11,Female,Female,20,NS,0,0.03,1.99,,
11,Female,Female,20,NS,0,0.03,1.433,,
11,Female,Female,20,SM,2,0.03,2.148,,
11,Female,Female,20,S,1,0.05,1.732,,
11,Female,Female,20,NS,0,0.05,2.002,,
11,Female,Female,20,SM,2,0.00,9.25,,
11,Female,Female,20,SM,2,0.00,1.886,,
11,Female,Female,20,S,1,0.05,4.463,,
11,Female,Female,20,NS,0,0.05,1.176,,
11,Female,Female,20,S,1,0.05,2.226,,
10,Female,Female,21,NS,0,0.02,19.887,,
10,Female,Female,21,NS,0,0.02,5.626,,
10,Female,Female,21,SM,2,0.00,3.036,,
10,Female,Female,21,NS,0,0.05,2.917,,
10,Female,Female,21,NS,0,0.05,2.099,,
10,Female,Female,21,SM,2,0.04,2.704,,
10,Female,Female,21,NS,0,0.03,4.468,,
10,Female,Female,21,NS,0,0.00,2.437,,
10,Female,Female,21,NS,0,0.05,2.693,,
10,Female,Female,21,S,1,0.05,1.859,,
10,Female,Female,21,SM,2,0.02,4.051,,
10,Female,Female,21,S,1,0.04,2.779,,
10,Female,Female,21,S,1,0.05,2.032,,
10,Female,Female,21,NS ,0,0.05,1.479,,
10,Female,Female,21,NS,0,0.05,2.367,,
10,Female,Female,21,SM,2,0.04,4.756,,
10,Female,Female,21,NS,0,0.00,3.127,,
10,Female,Female,21,S,1,0.05,3.679,,
10,Female,Female,21,SM,2,0.05,1.853,,
10,Female,Female,21,S,1,0.02,5.778,,
10,Female,Female,21,NS,0,0.05,1.625,,
10,Female,Female,21,S,1,0.03,2.882,,
10,Female,Female,21,SM,2,0.00,1.593,,
10,Female,Female,21,NS,0,0.00,3.006,,
10,Female,Female,21,NS,0,0.03,3.001,,
10,Female,Female,21,SM,2,0.05,3.104,,
10,Female,Female,21,SM,2,0.01,2.965,,
10,Female,Female,21,S,1,0.05,2.643,,
10,Female,Female,21,NS,0,0.02,6.57,,
10,Female,Female,21,S,1,0.05,1.841,,
10,Female,Female,21,S,1,0.02,3.17,,
10,Female,Female,21,SM,2,0.00,2.433,,
10,Female,Female,21,S,1,0.03,3.019,,
10,Female,Female,21,S,1,0.03,1.702,,
10,Female,Female,21,NS,0,0.00,2.308,,
10,Female,Female,21,SM,2,0.00,2.934,,
10,Female,Female,21,SM,2,0.05,2.416,,
10,Female,Female,21,S,1,0.05,2.544,,
10,Female,Female,21,NS,0,0.05,2.007,,
10,Female,Female,21,NS,0,0.05,1.859,,
10,Female,Female,21,SM,2,0.03,2.685,,
10,Female,Female,21,SM,2,0.01,3.663,,
10,Female,Female,21,NS,0,0.00,1.895,,
10,Female,Female,21,S,1,0.05,1.886,,
10,Female,Female,21,NS,0,0.05,1.146,,
10,Female,Female,21,SM,2,0.00,5.794,,
10,Female,Female,21,S,1,0.04,3.36,,
10,Female,Female,21,NS,0,0.00,2.581,,
10,Female,Female,21,S,1,0.04,2.996,,
10,Female,Female,21,NS,0,0.05,1.624,,
10,Female,Female,21,S,1,0.05,1.596,,
10,Female,Female,21,SM,2,0.05,1.948,,
10,Female,Female,21,NS,0,0.05,2.332,,
10,Female,Female,21,S,1,0.02,2.878,,
10,Female,Female,21,NS,0,0.05,1.629,,
10,Female,Female,21,S,1,0.05,1.849,,
10,Female,Female,21,S,1,0.05,1.182,,
10,Female,Female,21,NS,0,0.05,1.08,,
10,Female,Female,21,SM,2,0.05,2.088,,
10,Female,Female,21,S,1,0.05,2.601,,
10,Female,Female,21,SM,2,0.02,4.639,,
10,Female,Female,21,S,1,0.05,1.868,,
10,Female,Female,21,NS,0,0.05,1.258,,
10,Female,Female,21,SM,2,0.02,2.125,,
10,Female,Female,21,NS,0,0.04,2.297,,
10,Female,Female,21,SM,2,0.05,1.547,,
10,Female,Female,21,S,1,0.05,2.06,,
10,Female,Female,21,SM,2,0.00,1.958,,
10,Female,Female,21,S,1,0.02,3.469,,
10,Female,Female,21,NS,0,0.04,2.744,,
10,Female,Female,21,NS,0,0.03,1.79,,
10,Female,Female,21,S,1,0.03,2.612,,
10,Female,Female,21,SM,2,0.01,3.281,,
10,Female,Female,21,SM,2,0.00,3.864,,
10,Female,Female,21,NS,0,0.05,1.729,,
10,Female,Female,21,NS,0,0.00,3.395,,
10,Female,Female,21,SM,2,0.03,3.022,,
10,Female,Female,21,NS,0,0.03,1.819,,
10,Female,Female,21,S,1,0.05,2.491,,
10,Female,Female,21,NS,0,0.05,1.179,,
10,Female,Female,21,NS,0,0.05,1.217,,
10,Female,Female,21,NS,0,0.05,1.228,,
10,Female,Female,21,NS,0,0.05,2.446,,
10,Female,Female,21,S,1,0.05,1.126,,
10,Female,Female,21,NS,0,0.05,1.564,,
10,Female,Female,21,NS,0,0.03,4.071,,
10,Female,Female,21,SM,2,0.01,2.541,,
10,Female,Female,21,NS,0,0.05,1.799,,
10,Female,Female,21,NS,0,0.05,1.95,,
10,Female,Female,21,NS,0,0.03,2.616,,
10,Female,Female,21,NS,0,0.05,3.941,,
10,Female,Female,21,NS,0,0.05,1.045,,
10,Female,Female,21,S,1,0.04,4.224,,
10,Female,Female,21,S,1,0.05,1.432,,
10,Female,Female,21,NS,0,0.01,2.511,,
10,Female,Female,21,S,1,0.05,1.972,,
10,Female,Female,21,S,1,0.05,1.133,,
10,Female,Female,21,SM,2,0.00,3.143,,
10,Female,Female,21,SM,2,0.03,3.466,,
10,Female,Female,21,NS,0,0.05,2.94,,
10,Female,Female,21,NS,0,0.00,2.469,,
10,Female,Female,21,SM,2,0.00,1.727,,
10,Female,Female,21,NS,0,0.03,2.471,,
10,Female,Female,21,NS,0,0.00,1.836,,
10,Female,Female,21,NS,0,0.00,1.824,,
10,Female,Female,21,NS,0,0.01,4.484,,
10,Female,Female,21,NS,0,0.00,3.402,,
10,Female,Female,21,S,1,0.05,1.669,,
10,Female,Female,21,NS,0,0.00,2.604,,
10,Female,Female,21,S,1,0.03,2.8,,
9,Female,Female,20,NS,0,0.00,13.966,,
9,Female,Female,20,NS,0,0.05,5.659,,
9,Female,Female,20,NS,0,0.03,6.431,,
9,Female,Female,20,SM,2,0.01,3.118,,
9,Female,Female,20,S,1,0.05,2.963,,
9,Female,Female,20,NS,0,0.02,4.045,,
9,Female,Female,20,NS,0,0.00,3.429,,
9,Female,Female,20,S,1,0.04,3.835,,
9,Female,Female,20,NS,0,0.01,3.283,,
9,Female,Female,20,NS,0,0.00,5.518,,
9,Female,Female,20,NS,0,0.03,6.002,,
9,Female,Female,20,NS,0,0.01,3.304,,
9,Female,Female,20,NS,0,0.00,2.343,,
9,Female,Female,20,NS,0,0.01,6.334,,
9,Female,Female,20,NS,0,0.00,4.309,,
9,Female,Female,20,NS,0,0.05,4.186,,
9,Female,Female,20,S,1,0.04,5.178,,
9,Female,Female,20,S,1,0.02,3.188,,
9,Female,Female,20,SM,2,0.03,3.605,,
9,Female,Female,20,S,1,0.03,3.851,,
9,Female,Female,20,S,1,0.04,4.034,,
9,Female,Female,20,NS,0,0.02,2.965,,
9,Female,Female,20,NS,0,0.02,3.257,,
9,Female,Female,20,NS,0,0.00,3.988,,
9,Female,Female,20,NS,0,0.00,2.683,,
9,Female,Female,20,NS,0,0.00,3.081,,
9,Female,Female,20,NS,0,0.02,3.171,,
9,Female,Female,20,S,1,0.04,3.246,,
9,Female,Female,20,NS,0,0.04,3.504,,
9,Female,Female,20,S,1,0.05,2.847,,
9,Female,Female,20,NS,0,0.03,3.368,,
9,Female,Female,20,SM,2,0.02,4.627,,
9,Female,Female,20,S,1,0.00,4.175,,
9,Female,Female,20,S,1,0.04,2.888,,
9,Female,Female,20,NS,0,0.03,3.113,,
9,Female,Female,20,NS,0,0.02,2.522,,
9,Female,Female,20,NS,0,0.00,2.516,,
9,Female,Female,20,S,1,0.02,2.508,,
9,Female,Female,20,SM,2,0.01,3.435,,
9,Female,Female,20,NS,0,0.05,6.007,,
9,Female,Female,20,NS,0,0.05,2.772,,
9,Female,Female,20,NS,0,0.05,2.451,,
9,Female,Female,20,S,1,0.04,2.709,,
9,Female,Female,20,NS,0,0.03,2.09,,
9,Female,Female,20,NS,0,0.01,2.671,,
9,Female,Female,20,NS,0,0.00,3.244,,
9,Female,Female,20,S,1,0.03,3.405,,
9,Female,Female,20,S,1,0.04,2.988,,
9,Female,Female,20,SM,2,0.00,4.492,,
9,Female,Female,20,NS,0,0.01,4.166,,
9,Female,Female,20,SM,2,0.02,3.494,,
9,Female,Female,20,SM,2,0.02,5.331,,
9,Female,Female,20,S,1,0.05,3.414,,
9,Female,Female,20,SM,2,0.01,5.926,,
9,Female,Female,20,NS,0,0.00,2.588,,
9,Female,Female,20,SM,2,0.00,4.2,,
9,Female,Female,20,SM,2,0.02,3.937,,
9,Female,Female,20,NS,0,0.04,3.922,,
9,Female,Female,20,S,1,0.05,3.299,,
9,Female,Female,20,S,1,0.03,2.511,,
9,Female,Female,20,S,1,0.00,2.715,,
9,Female,Female,20,NS,0,0.05,2.464,,
9,Female,Female,20,S,1,0.05,2.957,,
9,Female,Female,20,NS,0,0.01,3.039,,
9,Female,Female,20,NS,0,0.02,5.014,,
9,Female,Female,20,SM,2,0.04,3.003,,
9,Female,Female,20,S,1,0.05,2.606,,
9,Female,Female,20,S,1,0.05,4.939,,
9,Female,Female,20,S,1,0.05,2.438,,
9,Female,Female,20,NS,0,0.05,2.987,,
9,Female,Female,20,SM,2,0.03,4.168,,
9,Female,Female,20,S,1,0.04,2.906,,
9,Female,Female,20,S,1,0.04,2.826,,
9,Female,Female,20,NS,0,0.01,2.372,,
9,Female,Female,20,SM,2,0.02,3.154,,
9,Female,Female,20,SM,2,0.00,3.202,,
9,Female,Female,20,S,1,0.04,2.831,,
9,Female,Female,20,SM,2,0.02,2.309,,
9,Female,Female,20,S,1,0.05,2.356,,
9,Female,Female,20,S,1,0.02,3.026,,
9,Female,Female,20,NS,0,0.05,3.028,,
9,Female,Female,20,S,1,0.04,3.999,,
9,Female,Female,20,S,1,0.02,4.018,,
9,Female,Female,20,NS,0,0.02,4.386,,
9,Female,Female,20,NS,0,0.01,2.85,,
9,Female,Female,20,S,1,0.01,3.839,,
9,Female,Female,20,NS,0,0.00,2.507,,
9,Female,Female,20,NS,0,0.05,3.31,,
9,Female,Female,20,SM,2,0.03,3.601,,
9,Female,Female,20,NS,0,0.01,2.347,,
9,Female,Female,20,NS,0,0.01,3.248,,
9,Female,Female,20,SM,2,0.01,5.344,,
9,Female,Female,20,SM,2,0.00,3.172,,
9,Female,Female,20,NS,0,0.00,3.933,,
9,Female,Female,20,NS,0,0.01,2.454,,
9,Female,Female,20,NS,0,0.05,2.175,,
9,Female,Female,20,NS,0,0.04,2.763,,
9,Female,Female,20,SM,2,0.05,1.964,,
9,Female,Female,20,SM,2,0.03,3.27,,
9,Female,Female,20,S,1,0.02,2.443,,
9,Female,Female,20,SM,2,0.03,2.802,,
9,Female,Female,20,NS,0,0.02,3.715,,
9,Female,Female,20,SM,2,0.03,3.108,,
9,Female,Female,20,NS,0,0.03,4.611,,
9,Female,Female,20,SM,2,0.02,6.551,,
9,Female,Female,20,SM,2,0.02,4.953,,
9,Female,Female,20,SM,2,0.01,3.637,,
9,Female,Female,20,SM,2,0.02,3.494,,
9,Female,Female,20,SM,2,0.00,2.312,,
9,Female,Female,20,S,1,0.01,5.17,,
8,Female,Female,20,NS,0,0.03,11.165,,
8,Female,Female,20,NS,0,0.01,6.316,,
8,Female,Female,20,S,1,0.04,10.106,,
8,Female,Female,20,S,1,0.00,6.893,,
8,Female,Female,20,NS,0,0.04,7.964,,
8,Female,Female,20,S,1,0.01,3.401,,
8,Female,Female,20,SM,2,0.00,2.696,,
8,Female,Female,20,NS,0,0.02,3.807,,
8,Female,Female,20,SM,2,0.00,2.633,,
8,Female,Female,20,S,1,0.05,2.829,,
8,Female,Female,20,S,1,0.01,7.274,,
8,Female,Female,20,NS,0,0.02,4.024,,
8,Female,Female,20,SM,2,0.00,2.64,,
8,Female,Female,20,S,1,0.02,2.419,,
8,Female,Female,20,NS,0,0.01,2.529,,
8,Female,Female,20,NS,0,0.00,2.457,,
8,Female,Female,20,S,1,0.00,1.848,,
8,Female,Female,20,SM,2,0.01,4.305,,
8,Female,Female,20,S,1,0.03,5.788,,
8,Female,Female,20,S,1,0.05,3.204,,
8,Female,Female,20,SM,2,0.00,3.186,,
8,Female,Female,20,NS,0,0.01,5.571,,
8,Female,Female,20,S,1,0.00,3.924,,
8,Female,Female,20,S,1,0.01,3.589,,
8,Female,Female,20,S,1,0.02,3.332,,
8,Female,Female,20,SM,2,0.00,2.404,,
8,Female,Female,20,NS,0,0.01,2.794,,
8,Female,Female,20,NS,0,0.00,3.386,,
8,Female,Female,20,S,1,0.02,2.363,,
8,Female,Female,20,S,1,0.02,2.017,,
8,Female,Female,20,SM,2,0.02,2.884,,
8,Female,Female,20,NS,0,0.01,3.039,,
8,Female,Female,20,NS,0,0.00,2.371,,
8,Female,Female,20,SM,2,0.00,2.187,,
8,Female,Female,20,SM,2,0.00,2.763,,
8,Female,Female,20,NS,0,0.02,3.017,,
8,Female,Female,20,S,1,0.04,3.242,,
8,Female,Female,20,S,1,0.05,2.691,,
8,Female,Female,20,NS,0,0.02,4.622,,
8,Female,Female,20,NS,0,0.01,2.751,,
8,Female,Female,20,NS,0,0.01,1.858,,
8,Female,Female,20,NS,0,0.01,2.997,,
8,Female,Female,20,NS,0,0.04,2.795,,
8,Female,Female,20,S,1,0.03,3.669,,
8,Female,Female,20,NS,0,0.03,2.493,,
8,Female,Female,20,NS,0,0.04,2.541,,
8,Female,Female,20,SM,2,0.00,3.198,,
8,Female,Female,20,SM,2,0.02,3.171,,
8,Female,Female,20,S,1,0.00,2.211,,
8,Female,Female,20,NS,0,0.04,2.217,,
8,Female,Female,20,NS,0,0.02,2.175,,
8,Female,Female,20,S,1,0.04,3.664,,
8,Female,Female,20,NS,0,0.04,2.027,,
8,Female,Female,20,NS,0,0.04,1.714,,
8,Female,Female,20,SM,2,0.00,2.186,,
8,Female,Female,20,NS,0,0.01,2.894,,
8,Female,Female,20,NS,0,0.01,2.156,,
8,Female,Female,20,S,1,0.02,3.644,,
8,Female,Female,20,NS,0,0.05,3.959,,
8,Female,Female,20,NS,0,0.05,2.043,,
8,Female,Female,20,S,1,0.05,2.141,,
8,Female,Female,20,NS,0,0.01,2.142,,
8,Female,Female,20,NS,0,0.02,2.108,,
8,Female,Female,20,SM,2,0.00,3.567,,
8,Female,Female,20,SM,2,0.00,1.455,,
8,Female,Female,20,SM,2,0.01,3.008,,
8,Female,Female,20,NS,0,0.05,2.502,,
8,Female,Female,20,NS,0,0.00,2.339,,
8,Female,Female,20,NS,0,0.04,2.193,,
8,Female,Female,20,NS,0,0.04,1.567,,
8,Female,Female,20,NS,0,0.03,2.747,,
8,Female,Female,20,S,1,0.04,2.114,,
8,Female,Female,20,NS,0,0.02,1.957,,
8,Female,Female,20,S,1,0.05,2.133,,
8,Female,Female,20,NS,0,0.04,1.671,,
8,Female,Female,20,NS,0,0.02,2.395,,
8,Female,Female,20,SM,2,0.00,1.859,,
8,Female,Female,20,NS,0,0.01,2.906,,
8,Female,Female,20,NS,0,0.03,3.645,,
8,Female,Female,20,NS,0,0.02,2.167,,
8,Female,Female,20,NS,0,0.01,2.261,,
8,Female,Female,20,NS,0,0.01,1.623,,
8,Female,Female,20,S,1,0.01,3.397,,
8,Female,Female,20,NS,0,0.01,1.6,,
8,Female,Female,20,S,1,0.04,3.536,,
8,Female,Female,20,SM,2,0.01,2.767,,
8,Female,Female,20,NS,0,0.01,2.143,,
8,Female,Female,20,SM,2,0.00,2.239,,
8,Female,Female,20,S,1,0.02,3.186,,
8,Female,Female,20,SM,2,0.00,3.169,,
8,Female,Female,20,NS,0,0.01,2.827,,
8,Female,Female,20,NS,0,0.01,1.722,,
8,Female,Female,20,SM,2,0.01,2.298,,
8,Female,Female,20,S,1,0.04,3.443,,
8,Female,Female,20,NS,0,0.05,3.132,,
8,Female,Female,20,S,1,0.04,2.4,,
8,Female,Female,20,S,1,0.04,3.405,,
8,Female,Female,20,SM,2,0.03,2.36,,
8,Female,Female,20,NS,0,0.05,2.499,,
8,Female,Female,20,S,1,0.01,2.536,,
8,Female,Female,20,S,1,0.03,2.219,,
8,Female,Female,20,SM,2,0.00,3.615,,
8,Female,Female,20,SM,2,0.00,2.205,,
8,Female,Female,20,SM,2,0.00,2.122,,
8,Female,Female,20,SM,2,0.00,2.664,,
8,Female,Female,20,SM,2,0.01,2.009,,
8,Female,Female,20,NS,0,0.05,2.755,,
8,Female,Female,20,NS,0,0.03,2.261,,
8,Female,Female,20,SM,2,0.00,2.098,,
8,Female,Female,20,S,1,0.04,2.012,,
7,Male ,Male,20,SM,2,0.00,10.157,,
7,Male ,Male ,20,NS,0,0.00,4.418,,
7,Male ,Male ,20,SM,2,0.00,11.348,,
7,Male ,Male ,20,NS,0,0.02,3.864,,
7,Male ,Male ,20,NS,0,0.01,3.773,,
7,Male ,Male ,20,NS,0,0.00,3.227,,
7,Male ,Male ,20,NS,0,0.00,2.938,,
7,Male ,Male ,20,S,1,0.00,2.986,,
7,Male ,Male ,20,NS,0,0.02,4.915,,
7,Male ,Male ,20,SM,2,0.00,4.564,,
7,Male ,Male ,20,S,1,0.02,3.455,,
7,Male ,Male ,20,NS,0,0.00,2.648,,
7,Male ,Male ,20,NS,0,0.03,3.594,,
7,Male ,Male ,20,NS,0,0.00,3.003,,
7,Male ,Male ,20,NS,0,0.00,2.393,,
7,Male ,Male ,20,NS,0,0.00,2.94,,
7,Male ,Male ,20,S,1,0.02,3.195,,
7,Male ,Male ,20,S,1,0.02,4.692,,
7,Male ,Male ,20,SM,2,0.01,3.722,,
7,Male ,Male ,20,S,1,0.03,3.092,,
7,Male ,Male ,20,S,1,0.00,3.505,,
7,Male ,Male ,20,SM,2,0.00,2.303,,
7,Male ,Male ,20,SM,2,0.01,7.138,,
7,Male ,Male ,20,NS,0,0.03,7.139,,
7,Male ,Male ,20,S,1,0.02,3.504,,
7,Male ,Male ,20,SM,2,0.02,4.183,,
7,Male ,Male ,20,S,1,0.00,3.476,,
7,Male ,Male ,20,S,1,0.01,12.242,,
7,Male ,Male ,20,S,1,0.04,3.144,,
7,Male ,Male ,20,NS,0,0.03,6.884,,
7,Male ,Male ,20,S,1,0.00,2.501,,
7,Male ,Male ,20,S,1,0.02,2.723,,
7,Male ,Male ,20,S,1,0.05,2.994,,
7,Male ,Male ,20,S,1,0.01,2.671,,
7,Male ,Male ,20,NS,0,0.00,9.738,,
7,Male ,Male ,20,NS,0,0.00,4.776,,
7,Male ,Male ,20,S,1,0.02,2.426,,
7,Male ,Male ,20,SM,2,0.02,10.755,,
7,Male ,Male ,20,SM,2,0.02,8.498,,
7,Male ,Male ,20,SM,2,0.02,2.451,,
7,Male ,Male ,20,S,1,0.00,2.542,,
7,Male ,Male ,20,S,1,0.05,4.589,,
7,Male ,Male ,20,NS,0,0.00,6.464,,
7,Male ,Male ,20,S,1,0.02,4.791,,
7,Male ,Male ,20,NS,0,0.02,5.421,,
7,Male ,Male ,20,NS,0,0.00,7.072,,
7,Male ,Male ,20,S,1,0.00,5.219,,
7,Male ,Male ,20,SM,2,0.01,5.238,,
7,Male ,Male ,20,NS,0,0.00,4.132,,
7,Male ,Male ,20,S,1,0.02,4.113,,
7,Male ,Male ,20,SM,2,0.00,2.56,,
7,Male ,Male ,20,NS,0,0.02,3.156,,
7,Male ,Male ,20,NS,0,0.00,2.044,,
7,Male ,Male ,20,SM,2,0.00,2.714,,
7,Male ,Male ,20,NS,0,0.02,2.856,,
7,Male ,Male ,20,SM,2,0.00,1.956,,
7,Male ,Male ,20,NS,0,0.04,3.493,,
7,Male ,Male ,20,NS,0,0.03,2.02,,
7,Male ,Male ,20,NS,0,0.00,2.544,,
7,Male ,Male ,20,S,1,0.04,2.643,,
7,Male ,Male ,20,SM,2,0.00,2.619,,
7,Male ,Male ,20,S,1,0.01,2.638,,
7,Male ,Male ,20,NS,0,0.00,3.935,,
7,Male ,Male ,20,SM,2,0.00,2.768,,
7,Male ,Male ,20,NS,0,0.01,2.975,,
7,Male ,Male ,20,SM,2,0.00,1.941,,
7,Male ,Male ,20,SM,2,0.00,1.97,,
7,Male ,Male ,20,SM,2,0.00,1.905,,
7,Male ,Male ,20,S,1,0.05,2.784,,
7,Male ,Male ,20,NS,0,0.02,3.592,,
7,Male ,Male ,20,NS,0,0.00,2.396,,
7,Male ,Male ,20,NS,0,0.01,4.533,,
7,Male ,Male ,20,NS,0,0.00,3.642,,
7,Male ,Male ,20,NS,0,0.00,2.579,,
7,Male ,Male ,20,SM,2,0.00,1.861,,
7,Male ,Male ,20,S,1,0.05,4.607,,
7,Male ,Male ,20,NS,0,0.02,3.877,,
7,Male ,Male ,20,NS,0,0.01,6.391,,
7,Male ,Male ,20,NS,0,0.01,10.096,,
7,Male ,Male ,20,NS,0,0.00,6.127,,
7,Male ,Male ,20,S,1,0.01,1.356,,
7,Male ,Male ,20,SM,2,0.01,1.715,,
7,Male ,Male ,20,SM,2,0.01,2.252,,
7,Male ,Male ,20,S,1,0.01,4.625,,
7,Male ,Male ,20,S,1,0.01,16.296,,
7,Male ,Male ,20,NS,0,0.05,5.635,,
7,Male ,Male ,20,NS,0,0.03,3.601,,
7,Male ,Male ,20,NS,0,0.00,2.468,,
7,Male ,Male ,20,S,1,0.00,3.155,,
7,Male ,Male ,20,S,1,0.02,30.186,,
7,Male ,Male ,20,NS,0,0.02,2.796,,
7,Male ,Male ,20,S,1,0.00,2.279,,
7,Male ,Male ,20,S,1,0.05,2.205,,
7,Male ,Male ,20,SM,2,0.00,1.544,,
7,Male ,Male ,20,NS,0,0.01,4.44,,
7,Male ,Male ,20,NS,0,0.05,7.823,,
7,Male ,Male ,20,SM,2,0.00,5.281,,
7,Male ,Male ,20,NS,0,0.00,1.863,,
7,Male ,Male ,20,SM,2,0.00,1.768,,
7,Male ,Male ,20,NS,0,0.05,2.419,,
7,Male ,Male ,20,SM,2,0.00,1.621,,
7,Male ,Male ,20,NS,0,0.03,1.62,,
7,Male ,Male ,20,NS,0,0.03,2.867,,
7,Male ,Male ,20,SM,2,0.00,2.677,,
7,Male ,Male ,20,NS,0,0.01,1.988,,
7,Male ,Male ,20,NS,0,0.00,2.339,,
7,Male ,Male ,20,S,1,0.00,2.448,,
7,Male ,Male ,20,NS,0,0.00,1.816,,
7,Male ,Male ,20,NS,0,0.05,2.04,,
7,Male ,Male,20,NS,0,0.00,2.491,,
6,Female,Female,20,S,1,0.01,11.611,,
6,Female,Female,20,NS,0,0.04,3.206,,
6,Female,Female,20,NS,0,0.00,2.76,,
6,Female,Female,20,NS,0,0.02,1.822,,
6,Female,Female,20,SM,2,0.00,3.29,,
6,Female,Female,20,S,1,0.02,2.39,,
6,Female,Female,20,S,1,0.05,2.548,,
6,Female,Female,20,SM,2,0.04,1.844,,
6,Female,Female,20,SM,2,0.03,1.869,,
6,Female,Female,20,SM,2,0.03,1.17,,
6,Female,Female,20,S,1,0.04,1.767,,
6,Female,Female,20,SM,2,0.04,1.154,,
6,Female,Female,20,NS,0,0.00,1.958,,
6,Female,Female,20,S,1,0.00,2.734,,
6,Female,Female,20,NS,0,0.01,3.109,,
6,Female,Female,20,NS,0,0.01,1.649,,
6,Female,Female,20,S,1,0.03,2.435,,
6,Female,Female,20,NS,0,0.03,1.397,,
6,Female,Female,20,S,1,0.03,1.561,,
6,Female,Female,20,S,1,0.03,0.999,,
6,Female,Female,20,NS,0,0.00,2.433,,
6,Female,Female,20,SM,2,0.02,2.596,,
6,Female,Female,20,SM,2,0.05,3.826,,
6,Female,Female,20,SM,2,0.00,2.103,,
6,Female,Female,20,S,1,0.02,2.691,,
6,Female,Female,20,S,1,0.05,2.601,,
6,Female,Female,20,NS,0,0.00,3.322,,
6,Female,Female,20,S,1,0.03,1.881,,
6,Female,Female,20,NS,0,0.01,1.705,,
6,Female,Female,20,SM,2,0.00,1.828,,
6,Female,Female,20,NS,0,0.00,1.346,,
6,Female,Female,20,NS,0,0.05,2.035,,
6,Female,Female,20,S,1,0.00,1.825,,
6,Female,Female,20,S,1,0.02,1.54,,
6,Female,Female,20,SM,2,0.02,1.687,,
6,Female,Female,20,NS,0,0.05,1.706,,
6,Female,Female,20,NS,0,0.03,1.157,,
6,Female,Female,20,NS,0,0.03,1.056,,
6,Female,Female,20,NS,0,0.00,1.734,,
6,Female,Female,20,NS,0,0.05,1.568,,
6,Female,Female,20,NS,0,0.00,3.168,,
6,Female,Female,20,S,1,0.00,1.675,,
6,Female,Female,20,SM,2,0.00,1.719,,
6,Female,Female,20,SM,2,0.05,2.279,,
6,Female,Female,20,SM,2,0.03,1.634,,
6,Female,Female,20,S,1,0.00,1.874,,
6,Female,Female,20,S,1,0.03,1.732,,
6,Female,Female,20,SM,2,0.00,1.425,,
6,Female,Female,20,S,1,0.02,1.138,,
6,Female,Female,20,NS,0,0.00,1.383,,
6,Female,Female,20,SM,2,0.03,1.473,,
6,Female,Female,20,NS,0,0.00,1.654,,
6,Female,Female,20,SM,2,0.00,1.962,,
6,Female,Female,20,S,1,0.00,0.909,,
6,Female,Female,20,S,1,0.03,1.662,,
6,Female,Female,20,SM,2,0.00,2.86,,
6,Female,Female,20,S,1,0.03,3.228,,
6,Female,Female,20,NS,0,0.01,1.869,,
6,Female,Female,20,SM,2,0.04,1.439,,
6,Female,Female,20,SM,2,0.04,0.982,,
6,Female,Female,20,S,1,0.04,1.359,,
6,Female,Female,20,SM,2,0.04,0.931,,
6,Female,Female,20,NS,0,0.04,0.901,,
6,Female,Female,20,NS,0,0.04,1.962,,
6,Female,Female,20,S,1,0.04,1.338,,
6,Female,Female,20,NS,0,0.04,1.32,,
6,Female,Female,20,NS,0,0.04,1.713,,
6,Female,Female,20,NS,0,0.01,1.452,,
6,Female,Female,20,NS,0,0.04,1.642,,
6,Female,Female,20,NS,0,0.01,1.293,,
6,Female,Female,20,NS,0,0.01,1.177,,
6,Female,Female,20,SM,2,0.00,0.942,,
6,Female,Female,20,S,1,0.05,1.438,,
6,Female,Female,20,NS,0,0.00,1.494,,
6,Female,Female,20,NS,0,0.00,1.283,,
6,Female,Female,20,NS,0,0.03,1.671,,
6,Female,Female,20,S,1,0.00,2.053,,
6,Female,Female,20,SM,2,0.04,2.62,,
6,Female,Female,20,NS,0,0.02,1.113,,
6,Female,Female,20,NS,0,0.00,1.536,,
6,Female,Female,20,NS,0,0.01,1.244,,
6,Female,Female,20,SM,2,0.00,1.549,,
6,Female,Female,20,NS,0,0.04,1.43,,
6,Female,Female,20,NS,0,0.01,1.035,,
6,Female,Female,20,SM,2,0.03,1.535,,
6,Female,Female,20,NS,0,0.03,1.535,,
6,Female,Female,20,NS,0,0.00,1.917,,
6,Female,Female,20,S,1,0.05,1.998,,
6,Female,Female,20,SM,2,0.05,1.178,,
6,Female,Female,20,S,1,0.05,1.268,,
6,Female,Female,20,NS,0,0.05,1.158,,
6,Female,Female,20,NS,0,0.00,2.258,,
6,Female,Female,20,NS,0,0.03,1.313,,
6,Female,Female,20,NS,0,0.02,0.975,,
6,Female,Female,20,S,1,0.03,1.127,,
6,Female,Female,20,NS,0,0.03,0.944,,
6,Female,Female,20,NS,0,0.03,0.867,,
6,Female,Female,20,NS,0,0.03,0.808,,
6,Female,Female,20,S,1,0.04,1.976,,
6,Female,Female,20,SM,2,0.04,0.993,,
6,Female,Female,20,S,1,0.04,0.947,,
6,Female,Female,20,NS,0,0.04,0.834,,
6,Female,Female,20,NS,0,0.05,2.248,,
6,Female,Female,20,SM,2,0.04,2.57,,
6,Female,Female,20,NS,0,0.00,1.633,,
6,Female,Female,20,S,1,0.04,1.538,,
6,Female,Female,20,S,1,0.04,1.217,,
6,Female,Female,20,NS,0,0.04,1.19,,
6,Female,Female,20,NS,0,0.04,1.057,,
6,Female,Female,20,S,1,0.04,0.998,,
5,Female,Female,21,NS,0,0.04,19.409,,
5,Female,Female,21,SM,2,0.05,9.286,,
5,Female,Female,21,NS,0,0.00,4.46,,
5,Female,Female,21,S,1,0.05,6.44,,
5,Female,Female,21,SM,2,0.02,3.495,,
5,Female,Female,21,S,1,0.04,3.31,,
5,Female,Female,21,NS,0,0.05,3.38,,
5,Female,Female,21,NS,0,0.01,3.353,,
5,Female,Female,21,SM,2,0.00,3.62,,
5,Female,Female,21,S,1,0.05,4.458,,
5,Female,Female,21,SM,2,0.00,4.073,,
5,Female,Female,21,NS,0,0.02,2.929,,
5,Female,Female,21,NS,0,0.05,3.961,,
5,Female,Female,21,S,1,0.02,2.921,,
5,Female,Female,21,S,1,0.01,2.73,,
5,Female,Female,21,NS,0,0.05,3.32,,
5,Female,Female,21,SM,2,0.00,2.687,,
5,Female,Female,21,NS,0,0.04,2.975,,
5,Female,Female,21,SM,2,0.00,4.023,,
5,Female,Female,21,NS,0,0.05,2.135,,
5,Female,Female,21,NS,0,0.00,2.164,,
5,Female,Female,21,NS,0,0.03,2.112,,
5,Female,Female,21,S,1,0.05,2.775,,
5,Female,Female,21,SM,2,0.01,3.97,,
5,Female,Female,21,S,1,0.05,4.649,,
5,Female,Female,21,NS,0,0.00,2.037,,
5,Female,Female,21,NS,0,0.00,2.033,,
5,Female,Female,21,NS,0,0.00,1.679,,
5,Female,Female,21,NS,0,0.00,2.388,,
5,Female,Female,21,NS,0,0.04,2.666,,
5,Female,Female,21,NS,0,0.04,2.793,,
5,Female,Female,21,S,1,0.03,2.805,,
5,Female,Female,21,NS,0,0.05,2.122,,
5,Female,Female,21,SM,2,0.02,9.51,,
5,Female,Female,21,SM,2,0.00,3.108,,
5,Female,Female,21,S,1,0.05,2.753,,
5,Female,Female,21,SM,2,0.00,2.649,,
5,Female,Female,21,S,1,0.05,2.709,,
5,Female,Female,21,S,1,0.02,2.183,,
5,Female,Female,21,NS,0,0.05,2.049,,
5,Female,Female,21,S,1,0.04,4.071,,
5,Female,Female,21,SM,2,0.00,3.276,,
5,Female,Female,21,NS,0,0.05,2.542,,
5,Female,Female,21,SM,2,0.01,2.713,,
5,Female,Female,21,SM,2,0.05,5.531,,
5,Female,Female,21,SM,2,0.00,3.149,,
5,Female,Female,21,SM,2,0.00,2.173,,
5,Female,Female,21,NS,0,0.05,2.745,,
5,Female,Female,21,SM,2,0.00,2.003,,
5,Female,Female,21,NS,0,0.05,2.657,,
5,Female,Female,21,NS,0,0.02,2.563,,
5,Female,Female,21,NS,0,0.02,1.966,,
5,Female,Female,21,NS,0,0.00,4.487,,
5,Female,Female,21,NS,0,0.00,2.427,,
5,Female,Female,21,SM,2,0.00,2.152,,
5,Female,Female,21,NS,0,0.04,1.879,,
5,Female,Female,21,NS,0,0.01,1.833,,
5,Female,Female,21,NS,0,0.05,2.798,,
5,Female,Female,21,NS,0,0.00,1.908,,
5,Female,Female,21,S,1,0.02,7.333,,
5,Female,Female,21,NS,0,0.00,2.431,,
5,Female,Female,21,S,1,0.05,2.726,,
5,Female,Female,21,S,1,0.00,4.001,,
5,Female,Female,21,NS,0,0.04,3.447,,
5,Female,Female,21,SM,2,0.00,1.967,,
5,Female,Female,21,NS,0,0.05,2.772,,
5,Female,Female,21,NS,0,0.00,2.291,,
5,Female,Female,21,NS,0,0.03,2.494,,
5,Female,Female,21,SM,2,0.00,2.143,,
5,Female,Female,21,NS,0,0.01,4.926,,
5,Female,Female,21,SM,2,0.00,2.603,,
5,Female,Female,21,NS,0,0.00,1.832,,
5,Female,Female,21,SM,2,0.04,3.006,,
5,Female,Female,21,S,1,0.05,2.34,,
5,Female,Female,21,S,1,0.00,1.802,,
5,Female,Female,21,S,1,0.01,2.205,,
5,Female,Female,21,S,1,0.05,2.605,,
5,Female,Female,21,SM,2,0.01,3.604,,
5,Female,Female,21,SM,2,0.00,2.754,,
5,Female,Female,21,NS,0,0.05,2.497,,
5,Female,Female,21,S,1,0.05,3.509,,
5,Female,Female,21,NS,0,0.00,3.025,,
5,Female,Female,21,SM,2,0.00,1.575,,
5,Female,Female,21,S,1,0.05,2.198,,
5,Female,Female,21,S,1,0.00,2.56,,
5,Female,Female,21,NS,0,0.05,4.229,,
5,Female,Female,21,S,1,0.00,2.176,,
5,Female,Female,21,NS,0,0.05,5.693,,
5,Female,Female,21,NS,0,0.00,3.812,,
5,Female,Female,21,NS,0,0.05,3.843,,
5,Female,Female,21,NS,0,0.05,3.067,,
5,Female,Female,21,S,1,0.05,3.445,,
5,Female,Female,21,NS,0,0.02,2.433,,
5,Female,Female,21,SM,2,0.00,2.195,,
5,Female,Female,21,NS,0,0.05,1.824,,
5,Female,Female,21,SM,2,0.01,2.495,,
5,Female,Female,21,S,1,0.00,2.318,,
5,Female,Female,21,NS,0,0.02,3.065,,
5,Female,Female,21,S,1,0.05,2.114,,
5,Female,Female,21,NS,0,0.00,2.749,,
5,Female,Female,21,S,1,0.04,4.138,,
5,Female,Female,21,SM,2,0.00,3.789,,
5,Female,Female,21,NS,0,0.02,3.128,,
5,Female,Female,21,NS,0,0.05,2.842,,
5,Female,Female,21,S,1,0.05,3.555,,
5,Female,Female,21,S,1,0.05,2.477,,
5,Female,Female,21,NS,0,0.05,1.852,,
5,Female,Female,21,S,1,0.05,2.011,,
5,Female,Female,21,S,1,0.00,2.453,,
5,Female,Female,21,S,1,0.02,3.003,,
4,Female,Female,18,NS,0,0.00,14.2,,
4,Female,Female,18,NS,0,0.01,5.951,,
4,Female,Female,18,S,1,0.05,3.877,,
4,Female,Female,18,SM,2,0.01,6.459,,
4,Female,Female,18,NS,0,0.05,3.945,,
4,Female,Female,18,NS,0,0.00,2.681,,
4,Female,Female,18,NS,0,0.00,2.204,,
4,Female,Female,18,NS,0,0.02,2.678,,
4,Female,Female,18,S,1,0.02,5.167,,
4,Female,Female,18,NS,0,0.00,2.485,,
4,Female,Female,18,NS,0,0.01,2.188,,
4,Female,Female,18,S,1,0.01,3.403,,
4,Female,Female,18,NS,0,0.05,2.311,,
4,Female,Female,18,SM,2,0.00,2.376,,
4,Female,Female,18,NS,0,0.00,1.812,,
4,Female,Female,18,NS,0,0.00,1.627,,
4,Female,Female,18,NS,0,0.00,1.633,,
4,Female,Female,18,NS,0,0.00,1.725,,
4,Female,Female,18,S,1,0.01,3.351,,
4,Female,Female,18,SM,2,0.00,3.135,,
4,Female,Female,18,S,1,0.02,3.7,,
4,Female,Female,18,NS,0,0.00,2.276,,
4,Female,Female,18,NS,0,0.00,1.812,,
4,Female,Female,18,SM,2,0.00,1.934,,
4,Female,Female,18,NS,0,0.03,2.746,,
4,Female,Female,18,S,1,0.02,2.745,,
4,Female,Female,18,NS,0,0.00,2.032,,
4,Female,Female,18,NS,0,0.00,1.701,,
4,Female,Female,18,NS,0,0.00,1.685,,
4,Female,Female,18,S,1,0.00,1.667,,
4,Female,Female,18,NS,0,0.00,1.682,,
4,Female,Female,18,NS,0,0.00,1.574,,
4,Female,Female,18,SM,2,0.00,2.646,,
4,Female,Female,18,S,1,0.00,2.512,,
4,Female,Female,18,SM,2,0.00,1.627,,
4,Female,Female,18,NS,0,0.01,2.862,,
4,Female,Female,18,S,1,0.00,2.526,,
4,Female,Female,18,SM,2,0.00,1.347,,
4,Female,Female,18,NS,0,0.00,1.358,,
4,Female,Female,18,SM,2,0.00,2.464,,
4,Female,Female,18,S,1,0.02,2.137,,
4,Female,Female,18,NS,0,0.00,1.476,,
4,Female,Female,18,SM,2,0.00,1.231,,
4,Female,Female,18,S,1,0.00,1.281,,
4,Female,Female,18,NS,0,0.00,1.3,,
4,Female,Female,18,NS,0,0.00,1.003,,
4,Female,Female,18,S,1,0.00,1.026,,
4,Female,Female,18,NS,0,0.02,2.493,,
4,Female,Female,18,S,1,0.00,1.881,,
4,Female,Female,18,SM,2,0.00,2.146,,
4,Female,Female,18,NS,0,0.00,1.903,,
4,Female,Female,18,SM,2,0.00,1.67,,
4,Female,Female,18,S,1,0.00,1.39,,
4,Female,Female,18,SM,2,0.00,2.1,,
4,Female,Female,18,S,1,0.01,2.222,,
4,Female,Female,18,SM,2,0.00,1.921,,
4,Female,Female,18,S,1,0.00,1.11,,
4,Female,Female,18,SM,2,0.00,1.229,,
4,Female,Female,18,SM,2,0.00,1.738,,
4,Female,Female,18,SM,2,0.00,0.91,,
4,Female,Female,18,SM,2,0.00,1.109,,
4,Female,Female,18,NS,0,0.01,2.665,,
4,Female,Female,18,SM,2,0.00,1.162,,
4,Female,Female,18,S,1,0.00,1.208,,
4,Female,Female,18,S,1,0.02,1.591,,
4,Female,Female,18,NS,0,0.00,1.637,,
4,Female,Female,18,S,1,0.00,2.118,,
4,Female,Female,18,S,1,0.00,1.263,,
4,Female,Female,18,NS,0,0.00,1.153,,
4,Female,Female,18,NS,0,0.00,1.349,,
4,Female,Female,18,NS,0,0.03,2.023,,
4,Female,Female,18,NS,0,0.01,3.481,,
4,Female,Female,18,NS,0,0.00,2.163,,
4,Female,Female,18,SM,2,0.00,1.025,,
4,Female,Female,18,NS,0,0.02,1.866,,
4,Female,Female,18,SM,2,0.00,1.472,,
4,Female,Female,18,S,1,0.00,1.041,,
4,Female,Female,18,S,1,0.02,1.74,,
4,Female,Female,18,SM,2,0.00,1.482,,
4,Female,Female,18,SM,2,0.00,1.057,,
4,Female,Female,18,SM,2,0.00,1.225,,
4,Female,Female,18,S,1,0.00,0.979,,
4,Female,Female,18,S,1,0.00,1.379,,
4,Female,Female,18,S,1,0.00,1.247,,
4,Female,Female,18,NS,0,0.00,1.843,,
4,Female,Female,18,NS,0,0.00,1.277,,
4,Female,Female,18,NS,0,0.00,1.185,,
4,Female,Female,18,S,1,0.00,1.54,,
4,Female,Female,18,NS,0,0.00,1.272,,
4,Female,Female,18,NS,0,0.00,1.017,,
4,Female,Female,18,S,1,0.00,1.521,,
4,Female,Female,18,SM,2,0.00,1.525,,
4,Female,Female,18,S,1,0.00,1.285,,
4,Female,Female,18,NS,0,0.00,1.06,,
4,Female,Female,18,SM,2,0.00,1.226,,
4,Female,Female,18,S,1,0.01,3.814,,
4,Female,Female,18,SM,2,0.00,1.494,,
4,Female,Female,18,S,1,0.01,1.935,,
4,Female,Female,18,NS,0,0.00,1.569,,
4,Female,Female,18,NS,0,0.01,1.322,,
4,Female,Female,18,NS,0,0.00,1.156,,
4,Female,Female,18,NS,0,0.01,1.11,,
4,Female,Female,18,NS,0,0.00,1.075,,
4,Female,Female,18,S,1,0.00,1.841,,
4,Female,Female,18,SM,2,0.00,1.289,,
4,Female,Female,18,S,1,0.00,1.407,,
4,Female,Female,18,NS,0,0.00,1.151,,
4,Female,Female,18,NS,0,0.00,1.909,,
4,Female,Female,18,NS,0,0.00,2.223,,
4,Female,Female,18,NS,0,0.00,1.752,,
3,Male ,Male,21,NS,0,0.03,11.514,,
3,Male ,Male ,21,SM,2,0.01,7.234,,
3,Male ,Male ,21,S,1,0.05,4.74,,
3,Male ,Male ,21,NS,0,0.01,6.39,,
3,Male ,Male ,21,NS,0,0.00,2.732,,
3,Male ,Male ,21,NS,0,0.00,2.277,,
3,Male ,Male ,21,NS,0,0.01,3.46,,
3,Male ,Male ,21,S,1,0.01,3.084,,
3,Male ,Male ,21,NS,0,0.01,2.998,,
3,Male ,Male ,21,S,1,0.03,4.836,,
3,Male ,Male ,21,S,1,0.04,2.526,,
3,Male ,Male ,21,NS,0,0.01,2.774,,
3,Male ,Male ,21,SM,2,0.00,5.248,,
3,Male ,Male ,21,NS,0,0.00,1.464,,
3,Male ,Male ,21,S,1,0.04,3.592,,
3,Male ,Male ,21,NS,0,0.00,2.58,,
3,Male ,Male ,21,SM,2,0.00,3.358,,
3,Male ,Male ,21,S,1,0.02,2.741,,
3,Male ,Male ,21,NS,0,0.04,2.368,,
3,Male ,Male ,21,SM,2,0.00,2.56,,
3,Male ,Male ,21,SM,2,0.00,1.341,,
3,Male ,Male ,21,NS,0,0.01,2.888,,
3,Male ,Male ,21,SM,2,0.00,1.95,,
3,Male ,Male ,21,S,1,0.01,2.573,,
3,Male ,Male ,21,S,1,0.01,1.904,,
3,Male ,Male ,21,S,1,0.00,2.634,,
3,Male ,Male ,21,NS,0,0.03,2.281,,
3,Male ,Male ,21,SM,2,0.00,2.295,,
3,Male ,Male ,21,S,1,0.04,3.576,,
3,Male ,Male ,21,S,1,0.00,8.161,,
3,Male ,Male ,21,NS,0,0.00,1.925,,
3,Male ,Male ,21,S,1,0.01,2.765,,
3,Male ,Male ,21,NS,0,0.01,3.437,,
3,Male ,Male ,21,S,1,0.02,1.565,,
3,Male ,Male ,21,SM,2,0.00,2.126,,
3,Male ,Male ,21,SM,2,0.00,2.781,,
3,Male ,Male ,21,NS,0,0.01,2.319,,
3,Male ,Male ,21,S,1,0.03,2.355,,
3,Male ,Male ,21,NS,0,0.05,2.296,,
3,Male ,Male ,21,S,1,0.03,3.282,,
3,Male ,Male ,21,NS,0,0.00,2.729,,
3,Male ,Male ,21,SM,2,0.01,2.334,,
3,Male ,Male ,21,NS,0,0.00,3.066,,
3,Male ,Male ,21,SM,2,0.00,1.982,,
3,Male ,Male ,21,NS,0,0.00,2.203,,
3,Male ,Male ,21,S,1,0.00,1.986,,
3,Male ,Male ,21,NS,0,0.02,2.682,,
3,Male ,Male ,21,SM,2,0.00,1.972,,
3,Male ,Male ,21,S,1,0.04,2.428,,
3,Male ,Male ,21,S,1,0.02,2.473,,
3,Male ,Male ,21,S,1,0.00,7.998,,
3,Male ,Male ,21,NS,0,0.00,1.436,,
3,Male ,Male ,21,S,1,0.00,1.953,,
3,Male ,Male ,21,SM,2,0.00,1.287,,
3,Male ,Male ,21,S,1,0.04,2.318,,
3,Male ,Male ,21,NS,0,0.01,3.448,,
3,Male ,Male ,21,NS,0,0.01,2.011,,
3,Male ,Male ,21,NS,0,0.01,1.66,,
3,Male ,Male ,21,NS,0,0.00,1.635,,
3,Male ,Male ,21,S,1,0.00,2.5,,
3,Male ,Male ,21,S,1,0.00,2.186,,
3,Male ,Male ,21,NS,0,0.01,2.678,,
3,Male ,Male ,21,S,1,0.01,1.773,,
3,Male ,Male ,21,SM,2,0.00,2.541,,
3,Male ,Male ,21,SM,2,0.01,2.003,,
3,Male ,Male ,21,NS,0,0.01,2.326,,
3,Male ,Male ,21,S,1,0.02,2.717,,
3,Male ,Male ,21,NS,0,0.00,2.006,,
3,Male ,Male ,21,NS,0,0.00,1.483,,
3,Male ,Male ,21,NS,0,0.00,1.574,,
3,Male ,Male ,21,SM,2,0.00,1.578,,
3,Male ,Male ,21,S,1,0.02,1.836,,
3,Male ,Male ,21,NS,0,0.01,3.721,,
3,Male ,Male ,21,NS,0,0.01,1.464,,
3,Male ,Male ,21,SM,2,0.00,1.428,,
3,Male ,Male ,21,SM,2,0.00,1.258,,
3,Male ,Male ,21,SM,2,0.00,1.244,,
3,Male ,Male ,21,NS,0,0.01,2.067,,
3,Male ,Male ,21,SM,2,0.00,1.614,,
3,Male ,Male ,21,S,1,0.00,3.406,,
3,Male ,Male ,21,NS,0,0.01,1.999,,
3,Male ,Male ,21,SM,2,0.00,1.373,,
3,Male ,Male ,21,NS,0,0.03,2.292,,
3,Male ,Male ,21,NS,0,0.03,2.879,,
3,Male ,Male ,21,NS,0,0.01,2.507,,
3,Male ,Male ,21,S,1,0.00,2.169,,
3,Male ,Male ,21,NS,0,0.01,7.27,,
3,Male ,Male ,21,NS,0,0.00,2.141,,
3,Male ,Male ,21,SM,2,0.00,1.015,,
3,Male ,Male ,21,NS,0,0.03,3.354,,
3,Male ,Male ,21,NS,0,0.00,2.341,,
3,Male ,Male ,21,NS,0,0.01,1.589,,
3,Male ,Male ,21,S,1,0.04,2.899,,
3,Male ,Male ,21,NS,0,0.01,2.041,,
3,Male ,Male ,21,NS,0,0.00,1.382,,
3,Male ,Male ,21,SM,2,0.00,1.209,,
3,Male ,Male ,21,SM,2,0.00,1.144,,
3,Male ,Male ,21,S,1,0.02,2.132,,
3,Male ,Male ,21,SM,2,0.00,1.705,,
3,Male ,Male ,21,S,1,0.00,2.034,,
3,Male ,Male ,21,SM,2,0.00,1.659,,
3,Male ,Male ,21,SM,2,0.00,1.833,,
3,Male ,Male ,21,NS,0,0.00,1.612,,
3,Male ,Male ,21,NS,0,0.01,1.461,,
3,Male ,Male ,21,NS,0,0.00,3.047,,
3,Male ,Male ,21,NS,0,0.00,1.104,,
3,Male ,Male ,21,SM,2,0.00,1.827,,
3,Male ,Male ,21,NS,0,0.00,1.531,,
3,Male ,Male ,21,S,1,0.00,1.547,,
3,Male ,Male,21,NS,0,0.00,1.946,,
2,Female,Female,20,NS,0,0.05,29.273,,
2,Female,Female,20,NS,0,0.05,4.608,,
2,Female,Female,20,SM,2,0.00,4.946,,
2,Female,Female,20,SM,2,0.00,3.243,,
2,Female,Female,20,SM,2,0.00,3.687,,
2,Female,Female,20,SM,2,0.00,3.586,,
2,Female,Female,20,NS,0,0.01,14.868,,
2,Female,Female,20,NS,0,0.01,3.652,,
2,Female,Female,20,NS,0,0.05,4.449,,
2,Female,Female,20,NS,0,0.05,3.227,,
2,Female,Female,20,S,1,0.02,10.601,,
2,Female,Female,20,S,1,0.02,13.442,,
2,Female,Female,20,S,1,0.01,3.859,,
2,Female,Female,20,SM,2,0.02,7.171,,
2,Female,Female,20,NS,0,0.04,6.92,,
2,Female,Female,20,S,1,0.03,3.775,,
2,Female,Female,20,NS,0,0.00,7.778,,
2,Female,Female,20,S,1,0.00,3.161,,
2,Female,Female,20,NS,0,0.04,5.424,,
2,Female,Female,20,NS,0,0.02,4.292,,
2,Female,Female,20,S,1,0.00,3.202,,
2,Female,Female,20,SM,2,0.00,3.248,,
2,Female,Female,20,S,1,0.03,4.804,,
2,Female,Female,20,S,1,0.01,3.824,,
2,Female,Female,20,S,1,0.04,9.594,,
2,Female,Female,20,SM,2,0.00,2.463,,
2,Female,Female,20,NS,0,0.00,7.511,,
2,Female,Female,20,NS,0,0.02,3.435,,
2,Female,Female,20,NS,0,0.02,3.566,,
2,Female,Female,20,SM,2,0.04,4.248,,
2,Female,Female,20,NS,0,0.01,3.247,,
2,Female,Female,20,NS,0,0.03,3.499,,
2,Female,Female,20,NS,0,0.03,2.348,,
2,Female,Female,20,S,1,0.00,3.421,,
2,Female,Female,20,NS,0,0.02,4.153,,
2,Female,Female,20,NS,0,0.03,2.937,,
2,Female,Female,20,S,1,0.05,3.906,,
2,Female,Female,20,S,1,0.04,5.645,,
2,Female,Female,20,NS,0,0.00,2.576,,
2,Female,Female,20,NS,0,0.05,3.828,,
2,Female,Female,20,NS,0,0.01,4.508,,
2,Female,Female,20,SM,2,0.00,2.656,,
2,Female,Female,20,NS,0,0.05,4.821,,
2,Female,Female,20,NS,0,0.02,3.03,,
2,Female,Female,20,SM,2,0.02,9.874,,
2,Female,Female,20,SM,2,0.04,6.244,,
2,Female,Female,20,NS,0,0.04,2.509,,
2,Female,Female,20,NS,0,0.03,3.973,,
2,Female,Female,20,S,1,0.00,5.703,,
2,Female,Female,20,NS,0,0.00,5.62,,
2,Female,Female,20,NS,0,0.02,4.461,,
2,Female,Female,20,NS,0,0.00,7.802,,
2,Female,Female,20,NS,0,0.03,3.002,,
2,Female,Female,20,S,1,0.00,3.793,,
2,Female,Female,20,NS,0,0.01,2.68,,
2,Female,Female,20,NS,0,0.00,1.571,,
2,Female,Female,20,S,1,0.00,2.861,,
2,Female,Female,20,S,1,0.02,4.618,,
2,Female,Female,20,NS,0,0.00,5.912,,
2,Female,Female,20,SM,2,0.05,2.998,,
2,Female,Female,20,NS,0,0.04,36.801,,
2,Female,Female,20,SM,2,0.00,14.205,,
2,Female,Female,20,SM,2,0.01,4.922,,
2,Female,Female,20,S,1,0.02,3.737,,
2,Female,Female,20,SM,2,0.00,4.931,,
2,Female,Female,20,NS,0,0.00,4.477,,
2,Female,Female,20,NS,0,0.00,3.443,,
2,Female,Female,20,S,1,0.00,4.007,,
2,Female,Female,20,NS,0,0.00,1.785,,
2,Female,Female,20,SM,2,0.00,1.991,,
2,Female,Female,20,SM,2,0.00,2.897,,
2,Female,Female,20,S,1,0.02,5.625,,
2,Female,Female,20,S,1,0.01,5.909,,
2,Female,Female,20,NS,0,0.00,3.177,,
2,Female,Female,20,SM,2,0.00,3.514,,
2,Female,Female,20,NS,0,0.02,3.672,,
2,Female,Female,20,SM,2,0.00,3.382,,
2,Female,Female,20,SM,2,0.00,4.255,,
2,Female,Female,20,SM,2,0.00,1.484,,
2,Female,Female,20,NS,0,0.00,2.044,,
2,Female,Female,20,S,1,0.00,2.899,,
2,Female,Female,20,NS,0,0.00,1.85,,
2,Female,Female,20,NS,0,0.00,5.008,,
2,Female,Female,20,S,1,0.03,2.759,,
2,Female,Female,20,SM,2,0.01,7.943,,
2,Female,Female,20,S,1,0.04,3.174,,
2,Female,Female,20,S,1,0.05,3.96,,
2,Female,Female,20,S,1,0.02,3.984,,
2,Female,Female,20,S,1,0.00,3.744,,
2,Female,Female,20,NS,0,0.05,1.887,,
2,Female,Female,20,NS,0,0.00,2.829,,
2,Female,Female,20,NS,0,0.00,1.568,,
2,Female,Female,20,S,1,0.05,2.844,,
2,Female,Female,20,SM,2,0.00,3.604,,
2,Female,Female,20,SM,2,0.00,1.763,,
2,Female,Female,20,SM,2,0.00,2.889,,
2,Female,Female,20,NS,0,0.00,1.586,,
2,Female,Female,20,NS,0,0.00,1.569,,
2,Female,Female,20,SM,2,0.00,1.077,,
2,Female,Female,20,NS,0,0.00,1.772,,
2,Female,Female,20,NS,0,0.00,2.002,,
2,Female,Female,20,S,1,0.02,3.193,,
2,Female,Female,20,S,1,0.01,2.417,,
2,Female,Female,20,NS,0,0.01,3.487,,
2,Female,Female,20,NS,0,0.00,1.823,,
2,Female,Female,20,S,1,0.01,5.273,,
2,Female,Female,20,NS,0,0.00,3.122,,
2,Female,Female,20,S,1,0.05,3.262,,
2,Female,Female,20,SM,2,0.01,2.509,,
2,Female,Female,20,S,1,0.02,4.523,,
1,Female,Female,23,NS,0,0.02,44.92,,
1,Female,Female,23,S,1,0.01,9.947,,
1,Female,Female,23,NS,0,0.00,5.432,,
1,Female,Female,23,NS,0,0.02,7.755,,
1,Female,Female,23,SM,2,0.00,3.676,,
1,Female,Female,23,NS,0,0.00,2.587,,
1,Female,Female,23,S,1,0.02,2.451,,
1,Female,Female,23,SM,2,0.00,3.747,,
1,Female,Female,23,NS,0,0.02,3.436,,
1,Female,Female,23,NS,0,0.00,2.097,,
1,Female,Female,23,S,1,0.02,1.704,,
1,Female,Female,23,NS,0,0.03,3.068,,
1,Female,Female,23,SM,2,0.00,2.377,,
1,Female,Female,23,S,1,0.02,3.286,,
1,Female,Female,23,NS,0,0.00,1.674,,
1,Female,Female,23,NS,0,0.03,6.174,,
1,Female,Female,23,NS,0,0.02,2.567,,
1,Female,Female,23,S,1,0.03,2.041,,
1,Female,Female,23,S,1,0.00,4.499,,
1,Female,Female,23,S,1,0.02,2.604,,
1,Female,Female,23,NS,0,0.03,2.952,,
1,Female,Female,23,S,1,0.02,1.367,,
1,Female,Female,23,NS,0,0.01,3.431,,
1,Female,Female,23,SM,2,0.00,1.461,,
1,Female,Female,23,NS,0,0.00,2.641,,
1,Female,Female,23,NS,0,0.02,3.501,,
1,Female,Female,23,NS,0,0.00,1.404,,
1,Female,Female,23,NS,0,0.01,2.011,,
1,Female,Female,23,NS,0,0.00,1.836,,
1,Female,Female,23,SM,2,0.00,3.376,,
1,Female,Female,23,S,1,0.03,1.887,,
1,Female,Female,23,SM,2,0.00,2.153,,
1,Female,Female,23,SM,2,0.00,1.644,,
1,Female,Female,23,SM,2,0.00,1.889,,
1,Female,Female,23,SM,2,0.00,1.725,,
1,Female,Female,23,S,1,0.00,3.831,,
1,Female,Female,23,NS,0,0.01,2.789,,
1,Female,Female,23,NS,0,0.03,3.139,,
1,Female,Female,23,S,1,0.00,1.561,,
1,Female,Female,23,SM,2,0.00,1.248,,
1,Female,Female,23,NS,0,0.00,1.687,,
1,Female,Female,23,SM,2,0.00,2.511,,
1,Female,Female,23,NS,0,0.03,2.543,,
1,Female,Female,23,SM,2,0.00,1.5,,
1,Female,Female,23,SM,2,0.00,1.513,,
1,Female,Female,23,SM,2,0.00,1.146,,
1,Female,Female,23,SM,2,0.00,2.521,,
1,Female,Female,23,S,1,0.00,2.646,,
1,Female,Female,23,S,1,0.03,2.222,,
1,Female,Female,23,S,1,0.04,1.542,,
1,Female,Female,23,S,1,0.02,2.308,,
1,Female,Female,23,NS,0,0.00,1.877,,
1,Female,Female,23,NS,0,0.00,1.886,,
1,Female,Female,23,SM,2,0.00,4.366,,
1,Female,Female,23,NS,0,0.01,2.151,,
1,Female,Female,23,SM,2,0.00,2.441,,
1,Female,Female,23,NS,0,0.00,1.523,,
1,Female,Female,23,NS,0,0.00,1.503,,
1,Female,Female,23,NS,0,0.00,1.875,,
1,Female,Female,23,S,1,0.02,2.707,,
1,Female,Female,23,S,1,0.05,2.722,,
1,Female,Female,23,S,1,0.05,3.187,,
1,Female,Female,23,NS,0,0.05,1.125,,
1,Female,Female,23,SM,2,0.00,1.606,,
1,Female,Female,23,NS,0,0.00,1.363,,
1,Female,Female,23,S,1,0.03,1.52,,
1,Female,Female,23,S,1,0.03,2.793,,
1,Female,Female,23,NS,0,0.00,1.405,,
1,Female,Female,23,NS,0,0.02,1.718,,
1,Female,Female,23,S,1,0.00,2.019,,
1,Female,Female,23,NS,0,0.00,1.652,,
1,Female,Female,23,S,1,0.03,1.852,,
1,Female,Female,23,SM,2,0.00,1.407,,
1,Female,Female,23,NS,0,0.00,0.919,,
1,Female,Female,23,S,1,0.02,1.82,,
1,Female,Female,23,NS,0,0.04,1.701,,
1,Female,Female,23,S,1,0.01,3.106,,
1,Female,Female,23,SM,2,0.00,1.826,,
1,Female,Female,23,S,1,0.00,4.524,,
1,Female,Female,23,NS,0,0.00,0.741,,
1,Female,Female,23,S,1,0.02,1.59,,
1,Female,Female,23,SM,2,0.00,1.995,,
1,Female,Female,23,S,1,0.05,2.272,,
1,Female,Female,23,NS,0,0.02,2.265,,
1,Female,Female,23,SM,2,0.00,1.639,,
1,Female,Female,23,S,1,0.00,1.057,,
1,Female,Female,23,SM,2,0.00,1.714,,
1,Female,Female,23,NS,0,0.00,1.094,,
1,Female,Female,23,NS,0,0.01,1.91,,
1,Female,Female,23,NS,0,0.01,1.731,,
1,Female,Female,23,NS,0,0.00,2.815,,
1,Female,Female,23,NS,0,0.00,2.069,,
1,Female,Female,23,NS,0,0.00,1.891,,
1,Female,Female,23,S,1,0.01,2.809,,
1,Female,Female,23,NS,0,0.01,2.374,,
1,Female,Female,23,NS,0,0.00,3.1,,
1,Female,Female,23,S,1,0.05,2.553,,
1,Female,Female,23,NS,0,0.01,2.017,,
1,Female,Female,23,NS,0,0.00,1.806,,
1,Female,Female,23,NS,0,0.00,1.925,,
1,Female,Female,23,NS,0,0.00,1.208,,
1,Female,Female,23,SM,2,0.00,0.986,,
1,Female,Female,23,NS,0,0.01,1.96,,
1,Female,Female,23,SM,2,0.00,1.671,,
1,Female,Female,23,NS,0,0.00,1.697,,
1,Female,Female,23,NS,0,0.00,1.045,,
1,Female,Female,23,SM,2,0.00,0.904,,
1,Female,Female,23,SM,2,0.00,1.102,,
1,Female,Female,23,S,1,0.03,2.387,,
1,Female,Female,23,S,1,0.04,1.674,,
13,Female,Female,19,NS,0,0.04,10.523,,
13,Female,Female,19,NS,0,0.00,4.725,,
13,Female,Female,19,NS,0,0.05,3.752,,
13,Female,Female,19,S,1,0.05,2.37,,
13,Female,Female,19,SM,2,0.02,3.488,,
13,Female,Female,19,SM,2,0.05,2.87,,
13,Female,Female,19,NS,0,0.04,2.066,,
13,Female,Female,19,S,1,0.03,3.748,,
13,Female,Female,19,SM,2,0.03,2.87,,
13,Female,Female,19,S,1,0.02,4.111,,
13,Female,Female,19,SM,2,0.00,3.119,,
13,Female,Female,19,NS,0,0.04,2.067,,
13,Female,Female,19,NS,0,0.00,4.167,,
13,Female,Female,19,S,1,0.05,2.537,,
13,Female,Female,19,SM,2,0.00,2.126,,
13,Female,Female,19,S,1,0.05,1.812,,
13,Female,Female,19,NS,0,0.05,1.593,,
13,Female,Female,19,NS,0,0.03,1.916,,
13,Female,Female,19,SM,2,0.05,3.5,,
13,Female,Female,19,NS,0,0.00,2.722,,
13,Female,Female,19,S,1,0.05,1.702,,
13,Female,Female,19,SM,2,0.05,2.251,,
13,Female,Female,19,S,1,0.05,1.393,,
13,Female,Female,19,S,1,0.05,2.423,,
13,Female,Female,19,NS,0,0.05,1.071,,
13,Female,Female,19,NS,0,0.05,1.124,,
13,Female,Female,19,SM,2,0.05,2.157,,
13,Female,Female,19,SM,2,0.02,2.483,,
13,Female,Female,19,S,1,0.05,1.97,,
13,Female,Female,19,S,1,0.05,1.039,,
13,Female,Female,19,SM,2,0.05,1.38,,
13,Female,Female,19,S,1,0.00,3.892,,
13,Female,Female,19,NS,0,0.00,2.606,,
13,Female,Female,19,S,1,0.04,2.507,,
13,Female,Female,19,S,1,0.00,2.876,,
13,Female,Female,19,NS,0,0.03,1.697,,
13,Female,Female,19,NS,0,0.00,3.771,,
13,Female,Female,19,S,1,0.00,3.441,,
13,Female,Female,19,NS,0,0.02,1.833,,
13,Female,Female,19,NS,0,0.05,2.397,,
13,Female,Female,19,NS,0,0.00,1.782,,
13,Female,Female,19,NS,0,0.00,2.696,,
13,Female,Female,19,S,1,0.01,2.21,,
13,Female,Female,19,SM,2,0.04,2.847,,
13,Female,Female,19,S,1,0.02,2.24,,
13,Female,Female,19,NS,0,0.02,1.7,,
13,Female,Female,19,NS,0,0.05,2.142,,
13,Female,Female,19,NS,0,0.00,2.505,,
13,Female,Female,19,NS,0,0.00,2.84,,
13,Female,Female,19,NS,0,0.04,2.444,,
13,Female,Female,19,NS,0,0.04,1.777,,
13,Female,Female,19,S,1,0.04,1.735,,
13,Female,Female,19,NS,0,0.05,1.536,,
13,Female,Female,19,NS,0,0.05,1.726,,
13,Female,Female,19,S,1,0.05,2.062,,
13,Female,Female,19,SM,2,0.05,1.402,,
13,Female,Female,19,SM,2,0.02,1.643,,
13,Female,Female,19,NS,0,0.05,1.998,,
13,Female,Female,19,NS,0,0.00,6.21,,
13,Female,Female,19,SM,2,0.00,1.732,,
13,Female,Female,19,S,1,0.02,1.719,,
13,Female,Female,19,NS,0,0.05,1.534,,
13,Female,Female,19,SM,2,0.01,2.534,,
13,Female,Female,19,NS,0,0.05,2.226,,
13,Female,Female,19,S,1,0.05,1.507,,
13,Female,Female,19,SM,2,0.00,1.657,,
13,Female,Female,19,S,1,0.02,2.292,,
13,Female,Female,19,NS,0,0.04,1.688,,
13,Female,Female,19,NS,0,0.04,1.215,,
13,Female,Female,19,NS,0,0.02,1.842,,
13,Female,Female,19,SM,2,0.02,3.922,,
13,Female,Female,19,NS,0,0.02,1.455,,
13,Female,Female,19,NS,0,0.05,2.619,,
13,Female,Female,19,S,1,0.01,2.091,,
13,Female,Female,19,NS,0,0.05,2.474,,
13,Female,Female,19,S,1,0.05,1.284,,
13,Female,Female,19,SM,2,0.00,1.943,,
13,Female,Female,19,NS,0,0.03,2.259,,
13,Female,Female,19,S,1,0.05,1.671,,
13,Female,Female,19,NS,0,0.02,1.828,,
13,Female,Female,19,NS,0,0.05,1.507,,
13,Female,Female,19,NS,0,0.03,2.83,,
13,Female,Female,19,SM,2,0.03,2.189,,
13,Female,Female,19,NS,0,0.03,2.869,,
13,Female,Female,19,SM,2,0.01,4.298,,
13,Female,Female,19,S,1,0.05,2.399,,
13,Female,Female,19,SM,2,0.01,4.619,,
13,Female,Female,19,SM,2,0.03,1.822,,
13,Female,Female,19,S,1,0.05,2.02,,
13,Female,Female,19,NS,0,0.05,1.248,,
13,Female,Female,19,NS,0,0.05,1.367,,
13,Female,Female,19,S,1,0.00,2.127,,
13,Female,Female,19,NS,0,0.04,1.5,,
13,Female,Female,19,SM,2,0.01,1.944,,
13,Female,Female,19,SM,2,0.00,2.266,,
13,Female,Female,19,NS,0,0.01,1.475,,
13,Female,Female,19,S,1,0.03,3.175,,
13,Female,Female,19,NS,0,0.01,1.551,,
13,Female,Female,19,NS,0,0.04,1.893,,
13,Female,Female,19,SM,2,0.04,2.174,,
13,Female,Female,19,NS,0,0.04,1.041,,
13,Female,Female,19,S,1,0.05,1.732,,
13,Female,Female,19,SM,2,0.01,1.79,,
13,Female,Female,19,S,1,0.05,2.267,,
13,Female,Female,19,S,1,0.05,0.981,,
13,Female,Female,19,NS,0,0.05,0.995,,
13,Female,Female,19,SM,2,0.00,2.47,,
13,Female,Female,19,S,1,0.04,2.126,,
13,Female,Female,19,NS,0,0.04,1.243,,
13,Female,Female,19,NS,0,0.03,2.214,,